season,team,wins,made_conf_finals,made_finals,won_championship
1995-96,ATL,46,False,False,False
1995-96,BOS,33,False,False,False
1995-96,CHH,41,False,False,False
1995-96,CHI,72,True,True,True
1995-96,CLE,47,False,False,False
1995-96,DAL,26,False,False,False
1995-96,DEN,35,False,False,False
1995-96,DET,46,False,False,False
1995-96,GOS,36,False,False,False
1995-96,HOU,48,False,False,False
1995-96,IND,52,False,False,False
1995-96,LAC,29,False,False,False
1995-96,LAL,53,False,False,False
1995-96,MIA,42,False,False,False
1995-96,MIL,25,False,False,False
1995-96,MIN,26,False,False,False
1995-96,NJN,30,False,False,False
1995-96,NYK,47,False,False,False
1995-96,ORL,60,True,False,False
1995-96,PHL,18,False,False,False
1995-96,PHX,41,False,False,False
1995-96,POR,44,False,False,False
1995-96,SAC,39,False,False,False
1995-96,SAN,59,False,False,False
1995-96,SEA,64,True,True,False
1995-96,TOR,21,False,False,False
1995-96,UTH,55,True,False,False
1995-96,VAN,15,False,False,False
1995-96,WAS,39,False,False,False
1996-97,ATL,56,False,False,False
1996-97,BOS,15,False,False,False
1996-97,CHH,54,False,False,False
1996-97,CHI,69,True,True,True
1996-97,CLE,42,False,False,False
1996-97,DAL,24,False,False,False
1996-97,DEN,21,False,False,False
1996-97,DET,54,False,False,False
1996-97,GSW,30,False,False,False
1996-97,HOU,57,True,False,False
1996-97,IND,39,False,False,False
1996-97,LAC,36,False,False,False
1996-97,LAL,56,False,False,False
1996-97,MIA,61,True,False,False
1996-97,MIL,33,False,False,False
1996-97,MIN,40,False,False,False
1996-97,NJN,26,False,False,False
1996-97,NYK,57,False,False,False
1996-97,ORL,45,False,False,False
1996-97,PHI,22,False,False,False
1996-97,PHX,40,False,False,False
1996-97,POR,49,False,False,False
1996-97,SAC,34,False,False,False
1996-97,SAS,20,False,False,False
1996-97,SEA,57,False,False,False
1996-97,TOR,30,False,False,False
1996-97,UTA,64,True,True,False
1996-97,VAN,14,False,False,False
1996-97,WAS,44,False,False,False
1997-98,ATL,50,False,False,False
1997-98,BOS,36,False,False,False
1997-98,CHH,51,False,False,False
1997-98,CHI,62,True,True,True
1997-98,CLE,47,False,False,False
1997-98,DAL,20,False,False,False
1997-98,DEN,11,False,False,False
1997-98,DET,37,False,False,False
1997-98,GSW,19,False,False,False
1997-98,HOU,41,False,False,False
1997-98,IND,58,True,False,False
1997-98,LAC,17,False,False,False
1997-98,LAL,61,True,False,False
1997-98,MIA,55,False,False,False
1997-98,MIL,36,False,False,False
1997-98,MIN,45,False,False,False
1997-98,NJN,43,False,False,False
1997-98,NYK,43,False,False,False
1997-98,ORL,41,False,False,False
1997-98,PHI,31,False,False,False
1997-98,PHX,56,False,False,False
1997-98,POR,46,False,False,False
1997-98,SAC,27,False,False,False
1997-98,SAS,56,False,False,False
1997-98,SEA,61,False,False,False
1997-98,TOR,16,False,False,False
1997-98,UTA,62,True,True,False
1997-98,VAN,19,False,False,False
1997-98,WAS,42,False,False,False
1998-99,ATL,31,False,False,False
1998-99,BOS,19,False,False,False
1998-99,CHH,26,False,False,False
1998-99,CHI,13,False,False,False
1998-99,CLE,22,False,False,False
1998-99,DAL,19,False,False,False
1998-99,DEN,14,False,False,False
1998-99,DET,29,False,False,False
1998-99,GSW,21,False,False,False
1998-99,HOU,31,False,False,False
1998-99,IND,33,True,False,False
1998-99,LAC,9,False,False,False
1998-99,LAL,31,False,False,False
1998-99,MIA,33,False,False,False
1998-99,MIL,28,False,False,False
1998-99,MIN,25,False,False,False
1998-99,NJN,16,False,False,False
1998-99,NYK,27,True,True,False
1998-99,ORL,33,False,False,False
1998-99,PHI,28,False,False,False
1998-99,PHX,27,False,False,False
1998-99,POR,35,True,False,False
1998-99,SAC,27,False,False,False
1998-99,SAS,37,True,True,True
1998-99,SEA,25,False,False,False
1998-99,TOR,23,False,False,False
1998-99,UTA,37,False,False,False
1998-99,VAN,8,False,False,False
1998-99,WAS,18,False,False,False
1999-00,ATL,28,False,False,False
1999-00,BOS,35,False,False,False
1999-00,CHH,49,False,False,False
1999-00,CHI,17,False,False,False
1999-00,CLE,32,False,False,False
1999-00,DAL,40,False,False,False
1999-00,DEN,35,False,False,False
1999-00,DET,42,False,False,False
1999-00,GSW,19,False,False,False
1999-00,HOU,34,False,False,False
1999-00,IND,56,True,True,False
1999-00,LAC,15,False,False,False
1999-00,LAL,67,True,True,True
1999-00,MIA,52,False,False,False
1999-00,MIL,42,False,False,False
1999-00,MIN,50,False,False,False
1999-00,NJN,31,False,False,False
1999-00,NYK,50,True,False,False
1999-00,ORL,41,False,False,False
1999-00,PHI,49,False,False,False
1999-00,PHX,53,False,False,False
1999-00,POR,59,True,False,False
1999-00,SAC,44,False,False,False
1999-00,SAS,53,False,False,False
1999-00,SEA,45,False,False,False
1999-00,TOR,45,False,False,False
1999-00,UTA,55,False,False,False
1999-00,VAN,22,False,False,False
1999-00,WAS,29,False,False,False
2000-01,ATL,25,False,False,False
2000-01,BOS,36,False,False,False
2000-01,CHH,46,False,False,False
2000-01,CHI,15,False,False,False
2000-01,CLE,30,False,False,False
2000-01,DAL,53,False,False,False
2000-01,DEN,40,False,False,False
2000-01,DET,32,False,False,False
2000-01,GSW,17,False,False,False
2000-01,HOU,45,False,False,False
2000-01,IND,41,False,False,False
2000-01,LAC,31,False,False,False
2000-01,LAL,56,True,True,True
2000-01,MIA,50,False,False,False
2000-01,MIL,52,True,False,False
2000-01,MIN,47,False,False,False
2000-01,NJN,26,False,False,False
2000-01,NYK,48,False,False,False
2000-01,ORL,43,False,False,False
2000-01,PHI,56,True,True,False
2000-01,PHX,51,False,False,False
2000-01,POR,50,False,False,False
2000-01,SAC,55,False,False,False
2000-01,SAS,58,True,False,False
2000-01,SEA,44,False,False,False
2000-01,TOR,47,False,False,False
2000-01,UTA,53,False,False,False
2000-01,VAN,23,False,False,False
2000-01,WAS,19,False,False,False
2001-02,ATL,33,False,False,False
2001-02,BOS,49,True,False,False
2001-02,CHH,44,False,False,False
2001-02,CHI,21,False,False,False
2001-02,CLE,29,False,False,False
2001-02,DAL,57,False,False,False
2001-02,DEN,27,False,False,False
2001-02,DET,50,False,False,False
2001-02,GSW,21,False,False,False
2001-02,HOU,28,False,False,False
2001-02,IND,42,False,False,False
2001-02,LAC,39,False,False,False
2001-02,LAL,58,True,True,True
2001-02,MEM,23,False,False,False
2001-02,MIA,36,False,False,False
2001-02,MIL,41,False,False,False
2001-02,MIN,50,False,False,False
2001-02,NJN,52,True,True,False
2001-02,NYK,30,False,False,False
2001-02,ORL,44,False,False,False
2001-02,PHI,43,False,False,False
2001-02,PHX,36,False,False,False
2001-02,POR,49,False,False,False
2001-02,SAC,61,True,False,False
2001-02,SAS,58,False,False,False
2001-02,SEA,45,False,False,False
2001-02,TOR,42,False,False,False
2001-02,UTA,44,False,False,False
2001-02,WAS,37,False,False,False
2002-03,ATL,35,False,False,False
2002-03,BOS,44,False,False,False
2002-03,CHI,30,False,False,False
2002-03,CLE,17,False,False,False
2002-03,DAL,60,True,False,False
2002-03,DEN,17,False,False,False
2002-03,DET,50,True,False,False
2002-03,GSW,38,False,False,False
2002-03,HOU,43,False,False,False
2002-03,IND,48,False,False,False
2002-03,LAC,27,False,False,False
2002-03,LAL,50,False,False,False
2002-03,MEM,28,False,False,False
2002-03,MIA,25,False,False,False
2002-03,MIL,42,False,False,False
2002-03,MIN,51,False,False,False
2002-03,NJN,49,True,True,False
2002-03,NOH,47,False,False,False
2002-03,NYK,37,False,False,False
2002-03,ORL,42,False,False,False
2002-03,PHI,48,False,False,False
2002-03,PHX,44,False,False,False
2002-03,POR,50,False,False,False
2002-03,SAC,59,False,False,False
2002-03,SAS,60,True,True,True
2002-03,SEA,40,False,False,False
2002-03,TOR,24,False,False,False
2002-03,UTA,47,False,False,False
2002-03,WAS,37,False,False,False
2003-04,ATL,28,False,False,False
2003-04,BOS,36,False,False,False
2003-04,CHI,23,False,False,False
2003-04,CLE,35,False,False,False
2003-04,DAL,52,False,False,False
2003-04,DEN,43,False,False,False
2003-04,DET,54,True,True,True
2003-04,GSW,37,False,False,False
2003-04,HOU,45,False,False,False
2003-04,IND,61,True,False,False
2003-04,LAC,28,False,False,False
2003-04,LAL,56,True,True,False
2003-04,MEM,50,False,False,False
2003-04,MIA,42,False,False,False
2003-04,MIL,41,False,False,False
2003-04,MIN,58,True,False,False
2003-04,NJN,47,False,False,False
2003-04,NOH,41,False,False,False
2003-04,NYK,39,False,False,False
2003-04,ORL,21,False,False,False
2003-04,PHI,33,False,False,False
2003-04,PHX,29,False,False,False
2003-04,POR,41,False,False,False
2003-04,SAC,55,False,False,False
2003-04,SAS,57,False,False,False
2003-04,SEA,37,False,False,False
2003-04,TOR,33,False,False,False
2003-04,UTA,42,False,False,False
2003-04,WAS,25,False,False,False
2004-05,ATL,13,False,False,False
2004-05,BOS,45,False,False,False
2004-05,CHA,18,False,False,False
2004-05,CHI,47,False,False,False
2004-05,CLE,42,False,False,False
2004-05,DAL,58,False,False,False
2004-05,DEN,49,False,False,False
2004-05,DET,54,True,True,False
2004-05,GSW,34,False,False,False
2004-05,HOU,51,False,False,False
2004-05,IND,44,False,False,False
2004-05,LAC,37,False,False,False
2004-05,LAL,34,False,False,False
2004-05,MEM,45,False,False,False
2004-05,MIA,59,True,False,False
2004-05,MIL,30,False,False,False
2004-05,MIN,44,False,False,False
2004-05,NJN,42,False,False,False
2004-05,NOH,18,False,False,False
2004-05,NYK,33,False,False,False
2004-05,ORL,36,False,False,False
2004-05,PHI,43,False,False,False
2004-05,PHX,62,True,False,False
2004-05,POR,27,False,False,False
2004-05,SAC,50,False,False,False
2004-05,SAS,59,True,True,True
2004-05,SEA,52,False,False,False
2004-05,TOR,33,False,False,False
2004-05,UTA,26,False,False,False
2004-05,WAS,45,False,False,False
2005-06,ATL,26,False,False,False
2005-06,BOS,33,False,False,False
2005-06,CHA,26,False,False,False
2005-06,CHI,41,False,False,False
2005-06,CLE,50,False,False,False
2005-06,DAL,60,True,True,False
2005-06,DEN,44,False,False,False
2005-06,DET,64,True,False,False
2005-06,GSW,34,False,False,False
2005-06,HOU,34,False,False,False
2005-06,IND,41,False,False,False
2005-06,LAC,47,False,False,False
2005-06,LAL,45,False,False,False
2005-06,MEM,49,False,False,False
2005-06,MIA,52,True,True,True
2005-06,MIL,40,False,False,False
2005-06,MIN,33,False,False,False
2005-06,NJN,49,False,False,False
2005-06,NOK,38,False,False,False
2005-06,NYK,23,False,False,False
2005-06,ORL,36,False,False,False
2005-06,PHI,38,False,False,False
2005-06,PHX,54,True,False,False
2005-06,POR,21,False,False,False
2005-06,SAC,44,False,False,False
2005-06,SAS,63,False,False,False
2005-06,SEA,35,False,False,False
2005-06,TOR,27,False,False,False
2005-06,UTA,41,False,False,False
2005-06,WAS,42,False,False,False
2006-07,ATL,30,False,False,False
2006-07,BOS,24,False,False,False
2006-07,CHA,33,False,False,False
2006-07,CHI,49,False,False,False
2006-07,CLE,50,True,True,False
2006-07,DAL,67,False,False,False
2006-07,DEN,45,False,False,False
2006-07,DET,53,True,False,False
2006-07,GSW,42,False,False,False
2006-07,HOU,52,False,False,False
2006-07,IND,35,False,False,False
2006-07,LAC,40,False,False,False
2006-07,LAL,42,False,False,False
2006-07,MEM,22,False,False,False
2006-07,MIA,44,False,False,False
2006-07,MIL,28,False,False,False
2006-07,MIN,32,False,False,False
2006-07,NJN,41,False,False,False
2006-07,NOK,39,False,False,False
2006-07,NYK,33,False,False,False
2006-07,ORL,40,False,False,False
2006-07,PHI,35,False,False,False
2006-07,PHX,61,False,False,False
2006-07,POR,32,False,False,False
2006-07,SAC,33,False,False,False
2006-07,SAS,58,True,True,True
2006-07,SEA,31,False,False,False
2006-07,TOR,47,False,False,False
2006-07,UTA,51,True,False,False
2006-07,WAS,41,False,False,False
2007-08,ATL,37,False,False,False
2007-08,BOS,66,True,True,True
2007-08,CHA,32,False,False,False
2007-08,CHI,33,False,False,False
2007-08,CLE,45,False,False,False
2007-08,DAL,51,False,False,False
2007-08,DEN,50,False,False,False
2007-08,DET,59,True,False,False
2007-08,GSW,48,False,False,False
2007-08,HOU,55,False,False,False
2007-08,IND,36,False,False,False
2007-08,LAC,23,False,False,False
2007-08,LAL,57,True,True,False
2007-08,MEM,22,False,False,False
2007-08,MIA,15,False,False,False
2007-08,MIL,26,False,False,False
2007-08,MIN,22,False,False,False
2007-08,NJN,34,False,False,False
2007-08,NOH,56,False,False,False
2007-08,NYK,23,False,False,False
2007-08,ORL,52,False,False,False
2007-08,PHI,40,False,False,False
2007-08,PHX,55,False,False,False
2007-08,POR,41,False,False,False
2007-08,SAC,38,False,False,False
2007-08,SAS,56,True,False,False
2007-08,SEA,20,False,False,False
2007-08,TOR,41,False,False,False
2007-08,UTA,54,False,False,False
2007-08,WAS,43,False,False,False
2008-09,ATL,47,False,False,False
2008-09,BOS,62,False,False,False
2008-09,CHA,35,False,False,False
2008-09,CHI,41,False,False,False
2008-09,CLE,66,True,False,False
2008-09,DAL,50,False,False,False
2008-09,DEN,54,True,False,False
2008-09,DET,39,False,False,False
2008-09,GSW,29,False,False,False
2008-09,HOU,53,False,False,False
2008-09,IND,36,False,False,False
2008-09,LAC,19,False,False,False
2008-09,LAL,65,True,True,True
2008-09,MEM,24,False,False,False
2008-09,MIA,43,False,False,False
2008-09,MIL,34,False,False,False
2008-09,MIN,24,False,False,False
2008-09,NJN,34,False,False,False
2008-09,NOH,49,False,False,False
2008-09,NYK,32,False,False,False
2008-09,OKC,23,False,False,False
2008-09,ORL,59,True,True,False
2008-09,PHI,41,False,False,False
2008-09,PHX,46,False,False,False
2008-09,POR,54,False,False,False
2008-09,SAC,17,False,False,False
2008-09,SAS,54,False,False,False
2008-09,TOR,33,False,False,False
2008-09,UTA,48,False,False,False
2008-09,WAS,19,False,False,False
2009-10,ATL,53,False,False,False
2009-10,BOS,50,True,True,False
2009-10,CHA,44,False,False,False
2009-10,CHI,41,False,False,False
2009-10,CLE,61,False,False,False
2009-10,DAL,55,False,False,False
2009-10,DEN,53,False,False,False
2009-10,DET,27,False,False,False
2009-10,GSW,26,False,False,False
2009-10,HOU,42,False,False,False
2009-10,IND,32,False,False,False
2009-10,LAC,29,False,False,False
2009-10,LAL,57,True,True,True
2009-10,MEM,40,False,False,False
2009-10,MIA,47,False,False,False
2009-10,MIL,46,False,False,False
2009-10,MIN,15,False,False,False
2009-10,NJN,12,False,False,False
2009-10,NOH,37,False,False,False
2009-10,NYK,29,False,False,False
2009-10,OKC,50,False,False,False
2009-10,ORL,59,True,False,False
2009-10,PHI,27,False,False,False
2009-10,PHX,54,True,False,False
2009-10,POR,50,False,False,False
2009-10,SAC,25,False,False,False
2009-10,SAS,50,False,False,False
2009-10,TOR,40,False,False,False
2009-10,UTA,53,False,False,False
2009-10,WAS,26,False,False,False
2010-11,ATL,44,False,False,False
2010-11,BOS,56,False,False,False
2010-11,CHA,34,False,False,False
2010-11,CHI,62,True,False,False
2010-11,CLE,19,False,False,False
2010-11,DAL,57,True,True,True
2010-11,DEN,50,False,False,False
2010-11,DET,30,False,False,False
2010-11,GSW,36,False,False,False
2010-11,HOU,43,False,False,False
2010-11,IND,37,False,False,False
2010-11,LAC,32,False,False,False
2010-11,LAL,57,False,False,False
2010-11,MEM,46,False,False,False
2010-11,MIA,58,True,True,False
2010-11,MIL,35,False,False,False
2010-11,MIN,17,False,False,False
2010-11,NJN,24,False,False,False
2010-11,NOH,46,False,False,False
2010-11,NYK,42,False,False,False
2010-11,OKC,55,True,False,False
2010-11,ORL,52,False,False,False
2010-11,PHI,41,False,False,False
2010-11,PHX,40,False,False,False
2010-11,POR,48,False,False,False
2010-11,SAC,24,False,False,False
2010-11,SAS,61,False,False,False
2010-11,TOR,22,False,False,False
2010-11,UTA,39,False,False,False
2010-11,WAS,23,False,False,False
2011-12,ATL,40,False,False,False
2011-12,BOS,39,True,False,False
2011-12,CHA,7,False,False,False
2011-12,CHI,50,False,False,False
2011-12,CLE,21,False,False,False
2011-12,DAL,36,False,False,False
2011-12,DEN,38,False,False,False
2011-12,DET,25,False,False,False
2011-12,GSW,23,False,False,False
2011-12,HOU,34,False,False,False
2011-12,IND,42,False,False,False
2011-12,LAC,40,False,False,False
2011-12,LAL,41,False,False,False
2011-12,MEM,41,False,False,False
2011-12,MIA,46,True,True,True
2011-12,MIL,31,False,False,False
2011-12,MIN,26,False,False,False
2011-12,NJN,22,False,False,False
2011-12,NOH,21,False,False,False
2011-12,NYK,36,False,False,False
2011-12,OKC,47,True,True,False
2011-12,ORL,37,False,False,False
2011-12,PHI,35,False,False,False
2011-12,PHX,33,False,False,False
2011-12,POR,28,False,False,False
2011-12,SAC,22,False,False,False
2011-12,SAS,50,True,False,False
2011-12,TOR,23,False,False,False
2011-12,UTA,36,False,False,False
2011-12,WAS,20,False,False,False
2012-13,ATL,44,False,False,False
2012-13,BKN,49,False,False,False
2012-13,BOS,41,False,False,False
2012-13,CHA,21,False,False,False
2012-13,CHI,45,False,False,False
2012-13,CLE,24,False,False,False
2012-13,DAL,41,False,False,False
2012-13,DEN,57,False,False,False
2012-13,DET,29,False,False,False
2012-13,GSW,47,False,False,False
2012-13,HOU,45,False,False,False
2012-13,IND,49,True,False,False
2012-13,LAC,56,False,False,False
2012-13,LAL,45,False,False,False
2012-13,MEM,56,True,False,False
2012-13,MIA,66,True,True,True
2012-13,MIL,38,False,False,False
2012-13,MIN,31,False,False,False
2012-13,NOH,27,False,False,False
2012-13,NYK,54,False,False,False
2012-13,OKC,60,False,False,False
2012-13,ORL,20,False,False,False
2012-13,PHI,34,False,False,False
2012-13,PHX,25,False,False,False
2012-13,POR,33,False,False,False
2012-13,SAC,28,False,False,False
2012-13,SAS,58,True,True,False
2012-13,TOR,34,False,False,False
2012-13,UTA,43,False,False,False
2012-13,WAS,29,False,False,False
2013-14,ATL,38,False,False,False
2013-14,BKN,44,False,False,False
2013-14,BOS,25,False,False,False
2013-14,CHA,43,False,False,False
2013-14,CHI,48,False,False,False
2013-14,CLE,33,False,False,False
2013-14,DAL,49,False,False,False
2013-14,DEN,36,False,False,False
2013-14,DET,29,False,False,False
2013-14,GSW,51,False,False,False
2013-14,HOU,54,False,False,False
2013-14,IND,56,True,False,False
2013-14,LAC,57,False,False,False
2013-14,LAL,27,False,False,False
2013-14,MEM,50,False,False,False
2013-14,MIA,54,True,True,False
2013-14,MIL,15,False,False,False
2013-14,MIN,40,False,False,False
2013-14,NOP,34,False,False,False
2013-14,NYK,37,False,False,False
2013-14,OKC,59,True,False,False
2013-14,ORL,23,False,False,False
2013-14,PHI,19,False,False,False
2013-14,PHX,48,False,False,False
2013-14,POR,54,False,False,False
2013-14,SAC,28,False,False,False
2013-14,SAS,62,True,True,True
2013-14,TOR,48,False,False,False
2013-14,UTA,25,False,False,False
2013-14,WAS,44,False,False,False
2014-15,ATL,60,True,False,False
2014-15,BKN,38,False,False,False
2014-15,BOS,40,False,False,False
2014-15,CHA,33,False,False,False
2014-15,CHI,50,False,False,False
2014-15,CLE,53,True,True,False
2014-15,DAL,50,False,False,False
2014-15,DEN,30,False,False,False
2014-15,DET,32,False,False,False
2014-15,GSW,67,True,True,True
2014-15,HOU,56,True,False,False
2014-15,IND,38,False,False,False
2014-15,LAC,56,False,False,False
2014-15,LAL,21,False,False,False
2014-15,MEM,55,False,False,False
2014-15,MIA,37,False,False,False
2014-15,MIL,41,False,False,False
2014-15,MIN,16,False,False,False
2014-15,NOP,45,False,False,False
2014-15,NYK,17,False,False,False
2014-15,OKC,45,False,False,False
2014-15,ORL,25,False,False,False
2014-15,PHI,18,False,False,False
2014-15,PHX,39,False,False,False
2014-15,POR,51,False,False,False
2014-15,SAC,29,False,False,False
2014-15,SAS,55,False,False,False
2014-15,TOR,49,False,False,False
2014-15,UTA,38,False,False,False
2014-15,WAS,46,False,False,False
2015-16,ATL,48,False,False,False
2015-16,BKN,21,False,False,False
2015-16,BOS,48,False,False,False
2015-16,CHA,48,False,False,False
2015-16,CHI,42,False,False,False
2015-16,CLE,57,True,True,True
2015-16,DAL,42,False,False,False
2015-16,DEN,33,False,False,False
2015-16,DET,44,False,False,False
2015-16,GSW,73,True,True,False
2015-16,HOU,41,False,False,False
2015-16,IND,45,False,False,False
2015-16,LAC,53,False,False,False
2015-16,LAL,17,False,False,False
2015-16,MEM,42,False,False,False
2015-16,MIA,48,False,False,False
2015-16,MIL,33,False,False,False
2015-16,MIN,29,False,False,False
2015-16,NOP,30,False,False,False
2015-16,NYK,32,False,False,False
2015-16,OKC,55,True,False,False
2015-16,ORL,35,False,False,False
2015-16,PHI,10,False,False,False
2015-16,PHX,23,False,False,False
2015-16,POR,44,False,False,False
2015-16,SAC,33,False,False,False
2015-16,SAS,67,False,False,False
2015-16,TOR,56,True,False,False
2015-16,UTA,40,False,False,False
2015-16,WAS,41,False,False,False
2016-17,ATL,43,False,False,False
2016-17,BKN,20,False,False,False
2016-17,BOS,53,True,False,False
2016-17,CHA,36,False,False,False
2016-17,CHI,41,False,False,False
2016-17,CLE,51,True,True,False
2016-17,DAL,33,False,False,False
2016-17,DEN,40,False,False,False
2016-17,DET,37,False,False,False
2016-17,GSW,67,True,True,True
2016-17,HOU,55,False,False,False
2016-17,IND,42,False,False,False
2016-17,LAC,51,False,False,False
2016-17,LAL,26,False,False,False
2016-17,MEM,43,False,False,False
2016-17,MIA,41,False,False,False
2016-17,MIL,42,False,False,False
2016-17,MIN,31,False,False,False
2016-17,NOP,34,False,False,False
2016-17,NYK,31,False,False,False
2016-17,OKC,47,False,False,False
2016-17,ORL,29,False,False,False
2016-17,PHI,28,False,False,False
2016-17,PHX,24,False,False,False
2016-17,POR,41,False,False,False
2016-17,SAC,32,False,False,False
2016-17,SAS,61,True,False,False
2016-17,TOR,51,False,False,False
2016-17,UTA,51,False,False,False
2016-17,WAS,49,False,False,False
2017-18,ATL,24,False,False,False
2017-18,BKN,28,False,False,False
2017-18,BOS,55,True,False,False
2017-18,CHA,36,False,False,False
2017-18,CHI,27,False,False,False
2017-18,CLE,50,True,True,False
2017-18,DAL,24,False,False,False
2017-18,DEN,46,False,False,False
2017-18,DET,39,False,False,False
2017-18,GSW,58,True,True,True
2017-18,HOU,65,True,False,False
2017-18,IND,48,False,False,False
2017-18,LAC,42,False,False,False
2017-18,LAL,35,False,False,False
2017-18,MEM,22,False,False,False
2017-18,MIA,44,False,False,False
2017-18,MIL,44,False,False,False
2017-18,MIN,47,False,False,False
2017-18,NOP,48,False,False,False
2017-18,NYK,29,False,False,False
2017-18,OKC,48,False,False,False
2017-18,ORL,25,False,False,False
2017-18,PHI,52,False,False,False
2017-18,PHX,21,False,False,False
2017-18,POR,49,False,False,False
2017-18,SAC,27,False,False,False
2017-18,SAS,47,False,False,False
2017-18,TOR,59,False,False,False
2017-18,UTA,48,False,False,False
2017-18,WAS,43,False,False,False
2018-19,ATL,29,False,False,False
2018-19,BKN,42,False,False,False
2018-19,BOS,49,False,False,False
2018-19,CHA,39,False,False,False
2018-19,CHI,22,False,False,False
2018-19,CLE,19,False,False,False
2018-19,DAL,33,False,False,False
2018-19,DEN,54,False,False,False
2018-19,DET,41,False,False,False
2018-19,GSW,57,True,True,False
2018-19,HOU,53,False,False,False
2018-19,IND,48,False,False,False
2018-19,LAC,48,False,False,False
2018-19,LAL,37,False,False,False
2018-19,MEM,33,False,False,False
2018-19,MIA,39,False,False,False
2018-19,MIL,60,True,False,False
2018-19,MIN,36,False,False,False
2018-19,NOP,33,False,False,False
2018-19,NYK,17,False,False,False
2018-19,OKC,49,False,False,False
2018-19,ORL,42,False,False,False
2018-19,PHI,51,False,False,False
2018-19,PHX,19,False,False,False
2018-19,POR,53,True,False,False
2018-19,SAC,39,False,False,False
2018-19,SAS,48,False,False,False
2018-19,TOR,58,True,True,True
2018-19,UTA,50,False,False,False
2018-19,WAS,32,False,False,False
2019-20,ATL,20,False,False,False
2019-20,BKN,35,False,False,False
2019-20,BOS,48,True,False,False
2019-20,CHA,23,False,False,False
2019-20,CHI,22,False,False,False
2019-20,CLE,19,False,False,False
2019-20,DAL,43,False,False,False
2019-20,DEN,46,True,False,False
2019-20,DET,20,False,False,False
2019-20,GSW,15,False,False,False
2019-20,HOU,44,False,False,False
2019-20,IND,45,False,False,False
2019-20,LAC,49,False,False,False
2019-20,LAL,52,True,True,True
2019-20,MEM,34,False,False,False
2019-20,MIA,44,True,True,False
2019-20,MIL,56,False,False,False
2019-20,MIN,19,False,False,False
2019-20,NOP,30,False,False,False
2019-20,NYK,21,False,False,False
2019-20,OKC,44,False,False,False
2019-20,ORL,33,False,False,False
2019-20,PHI,43,False,False,False
2019-20,PHX,34,False,False,False
2019-20,POR,35,False,False,False
2019-20,SAC,31,False,False,False
2019-20,SAS,32,False,False,False
2019-20,TOR,53,False,False,False
2019-20,UTA,44,False,False,False
2019-20,WAS,25,False,False,False
2020-21,ATL,41,True,False,False
2020-21,BKN,48,False,False,False
2020-21,BOS,36,False,False,False
2020-21,CHA,33,False,False,False
2020-21,CHI,31,False,False,False
2020-21,CLE,22,False,False,False
2020-21,DAL,42,False,False,False
2020-21,DEN,47,False,False,False
2020-21,DET,20,False,False,False
2020-21,GSW,39,False,False,False
2020-21,HOU,17,False,False,False
2020-21,IND,34,False,False,False
2020-21,LAC,47,True,False,False
2020-21,LAL,42,False,False,False
2020-21,MEM,38,False,False,False
2020-21,MIA,40,False,False,False
2020-21,MIL,46,True,True,True
2020-21,MIN,23,False,False,False
2020-21,NOP,31,False,False,False
2020-21,NYK,41,False,False,False
2020-21,OKC,22,False,False,False
2020-21,ORL,21,False,False,False
2020-21,PHI,49,False,False,False
2020-21,PHX,51,True,True,False
2020-21,POR,42,False,False,False
2020-21,SAC,31,False,False,False
2020-21,SAS,33,False,False,False
2020-21,TOR,27,False,False,False
2020-21,UTA,52,False,False,False
2020-21,WAS,34,False,False,False
2021-22,ATL,43,False,False,False
2021-22,BKN,44,False,False,False
2021-22,BOS,51,True,True,False
2021-22,CHA,43,False,False,False
2021-22,CHI,46,False,False,False
2021-22,CLE,44,False,False,False
2021-22,DAL,52,True,False,False
2021-22,DEN,48,False,False,False
2021-22,DET,23,False,False,False
2021-22,GSW,53,True,True,True
2021-22,HOU,20,False,False,False
2021-22,IND,25,False,False,False
2021-22,LAC,42,False,False,False
2021-22,LAL,33,False,False,False
2021-22,MEM,56,False,False,False
2021-22,MIA,53,True,False,False
2021-22,MIL,51,False,False,False
2021-22,MIN,46,False,False,False
2021-22,NOP,36,False,False,False
2021-22,NYK,37,False,False,False
2021-22,OKC,24,False,False,False
2021-22,ORL,22,False,False,False
2021-22,PHI,51,False,False,False
2021-22,PHX,64,False,False,False
2021-22,POR,27,False,False,False
2021-22,SAC,30,False,False,False
2021-22,SAS,34,False,False,False
2021-22,TOR,48,False,False,False
2021-22,UTA,49,False,False,False
2021-22,WAS,35,False,False,False
2022-23,ATL,41,False,False,False
2022-23,BKN,45,False,False,False
2022-23,BOS,57,True,False,False
2022-23,CHA,27,False,False,False
2022-23,CHI,40,False,False,False
2022-23,CLE,51,False,False,False
2022-23,DAL,38,False,False,False
2022-23,DEN,53,True,True,True
2022-23,DET,17,False,False,False
2022-23,GSW,44,False,False,False
2022-23,HOU,22,False,False,False
2022-23,IND,35,False,False,False
2022-23,LAC,44,False,False,False
2022-23,LAL,43,True,False,False
2022-23,MEM,51,False,False,False
2022-23,MIA,44,True,True,False
2022-23,MIL,58,False,False,False
2022-23,MIN,42,False,False,False
2022-23,NOP,42,False,False,False
2022-23,NYK,47,False,False,False
2022-23,OKC,40,False,False,False
2022-23,ORL,34,False,False,False
2022-23,PHI,54,False,False,False
2022-23,PHX,45,False,False,False
2022-23,POR,33,False,False,False
2022-23,SAC,48,False,False,False
2022-23,SAS,22,False,False,False
2022-23,TOR,41,False,False,False
2022-23,UTA,37,False,False,False
2022-23,WAS,35,False,False,False
2023-24,ATL,36,False,False,False
2023-24,BKN,32,False,False,False
2023-24,BOS,64,True,True,True
2023-24,CHA,21,False,False,False
2023-24,CHI,39,False,False,False
2023-24,CLE,48,False,False,False
2023-24,DAL,50,True,True,False
2023-24,DEN,57,False,False,False
2023-24,DET,14,False,False,False
2023-24,GSW,46,False,False,False
2023-24,HOU,41,False,False,False
2023-24,IND,47,True,False,False
2023-24,LAC,51,False,False,False
2023-24,LAL,47,False,False,False
2023-24,MEM,27,False,False,False
2023-24,MIA,46,False,False,False
2023-24,MIL,49,False,False,False
2023-24,MIN,56,True,False,False
2023-24,NOP,49,False,False,False
2023-24,NYK,50,False,False,False
2023-24,OKC,57,False,False,False
2023-24,ORL,47,False,False,False
2023-24,PHI,47,False,False,False
2023-24,PHX,49,False,False,False
2023-24,POR,21,False,False,False
2023-24,SAC,46,False,False,False
2023-24,SAS,22,False,False,False
2023-24,TOR,25,False,False,False
2023-24,UTA,31,False,False,False
2023-24,WAS,15,False,False,False
2024-25,ATL,40,False,False,False
2024-25,BKN,26,False,False,False
2024-25,BOS,61,False,False,False
2024-25,CHA,19,False,False,False
2024-25,CHI,39,False,False,False
2024-25,CLE,64,False,False,False
2024-25,DAL,39,False,False,False
2024-25,DEN,50,False,False,False
2024-25,DET,44,False,False,False
2024-25,GSW,48,False,False,False
2024-25,HOU,52,False,False,False
2024-25,IND,50,True,True,False
2024-25,LAC,50,False,False,False
2024-25,LAL,50,False,False,False
2024-25,MEM,48,False,False,False
2024-25,MIA,37,False,False,False
2024-25,MIL,48,False,False,False
2024-25,MIN,49,True,False,False
2024-25,NOP,21,False,False,False
2024-25,NYK,51,True,False,False
2024-25,OKC,68,True,True,True
2024-25,ORL,41,False,False,False
2024-25,PHI,24,False,False,False
2024-25,PHX,36,False,False,False
2024-25,POR,36,False,False,False
2024-25,SAC,40,False,False,False
2024-25,SAS,34,False,False,False
2024-25,TOR,30,False,False,False
2024-25,UTA,17,False,False,False
2024-25,WAS,18,False,False,False
2025-26,ATL,46,False,False,False
2025-26,BKN,20,False,False,False
2025-26,BOS,56,False,False,False
2025-26,CHA,44,False,False,False
2025-26,CHI,31,False,False,False
2025-26,CLE,52,True,False,False
2025-26,DAL,26,False,False,False
2025-26,DEN,54,False,False,False
2025-26,DET,60,False,False,False
2025-26,GSW,37,False,False,False
2025-26,HOU,52,False,False,False
2025-26,IND,19,False,False,False
2025-26,LAC,42,False,False,False
2025-26,LAL,53,False,False,False
2025-26,MEM,25,False,False,False
2025-26,MIA,43,False,False,False
2025-26,MIL,32,False,False,False
2025-26,MIN,49,False,False,False
2025-26,NOP,26,False,False,False
2025-26,NYK,53,True,True,False
2025-26,OKC,64,True,False,False
2025-26,ORL,45,False,False,False
2025-26,PHI,45,False,False,False
2025-26,PHX,45,False,False,False
2025-26,POR,42,False,False,False
2025-26,SAC,22,False,False,False
2025-26,SAS,62,True,True,False
2025-26,TOR,46,False,False,False
2025-26,UTA,22,False,False,False
2025-26,WAS,17,False,False,False
